<?xml version="1.0" encoding="UTF-8"?>
<project-private xmlns="http://www.netbeans.org/ns/project-private/1">
    <editor-bookmarks xmlns="http://www.netbeans.org/ns/editor-bookmarks/2" lastBookmarkId="0"/>
    <open-files xmlns="http://www.netbeans.org/ns/projectui-open-files/2">
        <group>
            <file>file:/opt/lampp/htdocs/www/TechniqueCauldron/application/views/user/mycourse.php</file>
            <file>file:/opt/lampp/htdocs/www/TechniqueCauldron/application/config/config.php</file>
            <file>file:/opt/lampp/htdocs/www/TechniqueCauldron/application/controllers/Login.php</file>
            <file>file:/opt/lampp/htdocs/www/TechniqueCauldron/application/views/user/myaccount.php</file>
            <file>file:/opt/lampp/htdocs/www/TechniqueCauldron/application/controllers/User.php</file>
            <file>file:/opt/lampp/htdocs/www/TechniqueCauldron/application/models/User_model.php</file>
            <file>file:/opt/lampp/htdocs/www/TechniqueCauldron/application/controllers/Course.php</file>
        </group>
    </open-files>
</project-private>
